{"rule_id":"1","rule_name":"ClaimTypeCheck","rule_description":"This Rule checks the Claim Type","columnName":"ClaimType","columnValue":"Native,InterOrginisition,Foreign","columnPosition":"1","columnType":"String","ifExist":"Send to valid parquet folder","ifNotExist":"Send to error Queue"}
{"rule_id":"2","rule_name":"UrnCheck","rule_description":"This Rule checks the Claim Type","columnName":"URN","columnValue":"17","columnPosition":"6","columnType":"Integer","ifExist":"Send to valid parquet folder","ifNotExist":"Send to error Queue"}


