<configuration>

	<property name="DEV_HOME" value="/usr/dis/log/" />
	
	<appender name="FILE-AUDIT"
		class="ch.qos.logback.core.rolling.RollingFileAppender">
		<file>${DEV_HOME}/dis.log</file>
		<encoder class="ch.qos.logback.classic.encoder.PatternLayoutEncoder">
			<Pattern>
			
				%date %level [%thread] %logger [%file:%line] %msg%n
			</Pattern>
		</encoder>

		<rollingPolicy class="ch.qos.logback.core.rolling.TimeBasedRollingPolicy">
			<!-- rollover daily -->
			<fileNamePattern>${DEV_HOME}/archived/debug.%d{yyyy-MM-dd}.%i.log
                        </fileNamePattern>
			<timeBasedFileNamingAndTriggeringPolicy
				class="ch.qos.logback.core.rolling.SizeAndTimeBasedFNATP">
				<maxFileSize>10MB</maxFileSize>
			</timeBasedFileNamingAndTriggeringPolicy>
		</rollingPolicy>
	</appender>


  <appender name="STDOUT" class="ch.qos.logback.core.ConsoleAppender">
    <encoder>
      <pattern>%msg%n</pattern>
    </encoder>
  </appender>

  <root level="error">
    <appender-ref ref="FILE-AUDIT" />
    <appender-ref ref="STDOUT" />
  </root>
</configuration>